{"cameraMode":{"drawMode":0,"name":"Shaded","section":"Shading Mode"},"sceneLighting":true,"audioPlay":false,"sceneViewState":{"m_AlwaysRefresh":false,"showFog":true,"showSkybox":true,"showFlares":true,"showImageEffects":true,"showParticleSystems":true,"showVisualEffectGraphs":true,"m_FxEnabled":true},"in2DMode":false,"pivot":{"x":0.4270893633365631,"y":0.827070951461792,"z":-1.88736093044281},"rotation":{"x":0.013492302037775517,"y":-0.032992031425237659,"z":0.00044548537698574364,"w":0.9993647336959839},"size":4.234322547912598,"orthographic":false}